{
    "date": "2017-03-09",
    "broadcastList": [
        {
            "broadcast_id": "1",
            "user_id": "0003",
            "user_name": "用户0003",
            "head_portrait":"https://img5.doubanio.com/icon/u95805238-16.jpg",
            "beAttention": "328",
            "title": "爱指向处于虚弱中的他人",
            "para":"段落s我的娃大苏打大巨大石块了多久啊就是看到房价的撒快放假啊肯定是附件啊看时间覅附近的撒看风景啊的房间撒赖扩大飞机思考方式决定发酒疯",
            "pic_src": "https://qnmob2.doubanio.com/img/files/file-1488961780.JPG",
            "support": [
                {
                    "id": "0001"
                },
                {
                    "id": "0002"
                }
            ],
            "feedback": [
                {
                    "date": "2017-06-07 14:06",
                    "id": "0001",
                    "name": "用户0001",
                    "mes": "我是一哥的评论"
                },
                {
                    "date": "2017-06-07 14:08",
                    "id": "0002",
                    "name": "用户0002",
                    "mes": "我是二哥的评论"
                }
            ]
        },
        {
            "broadcast_id": "2",
            "user_id": "0004",
            "user_name": "用户0004",
            "head_portrait":"https://img3.doubanio.com/icon/u66417827-83.jpg",
            "beAttention": "4148",
            "title": "爱指向处于虚弱中的他人2",
            "para":"段落s我的娃大苏打大巨大石块了多久啊就是看到房价的撒快放假啊肯定是附件啊看时间覅附近的撒看风景啊的房间撒赖扩大飞机思考方式决定发酒疯",
            "pic_src": "https://qnmob2.doubanio.com/img/files/file-1488961780.JPG",
            "support": [
                {
                    "id": "0001"
                },
                {
                    "id": "0002"
                },
                {
                    "id": "0003"
                }
            ],
            "feedback": [
                {
                    "date": "2017-06-07 14:06",
                    "id": "0001",
                    "name": "用户0001",
                    "mes": "我是一哥的评论"
                },
                {
                    "date": "2017-06-07 14:08",
                    "id": "0001",
                    "name": "用户0002",
                    "mes": "我是二哥的评论"
                }
            ]
        }
    ]
}