{
    "commend_feeds":[
        {
            "title": "神奇女侠",
            "cover_url":"https://img3.doubanio.com/view/movie_poster_cover/lpst/public/p2460006593.webp",
            "grade":7.4
        },
        {
            "title": "加勒比海盗",
            "cover_url":"https://img3.doubanio.com/view/movie_poster_cover/lpst/public/p2459723975.webp",
            "grade":7.8
        },
        {
            "title": "迷失之城",
            "cover_url":"https://img3.doubanio.com/view/movie_poster_cover/lpst/public/p2460384566.webp",
            "grade":6.8
        },
        {
            "title": "摔跤吧爸爸",
            "cover_url":"https://img3.doubanio.com/view/movie_poster_cover/lpst/public/p2457983084.webp",
            "grade":9.4
        },
        {
            "title": "神奇女侠",
            "cover_url":"https://img3.doubanio.com/view/movie_poster_cover/lpst/public/p2460006593.webp",
            "grade":8
        },
        {
            "title": "神奇女侠",
            "cover_url":"https://img3.doubanio.com/view/movie_poster_cover/lpst/public/p2460006593.webp",
            "grade":7
        },
        {
            "title": "神奇女侠",
            "cover_url":"https://img3.doubanio.com/view/movie_poster_cover/lpst/public/p2460006593.webp",
            "grade":6
        },
        {
            "title": "加勒比海盗",
            "cover_url":"https://img3.doubanio.com/view/movie_poster_cover/lpst/public/p2459723975.webp",
            "grade":7.8
        },
        {
            "title": "迷失之城",
            "cover_url":"https://img3.doubanio.com/view/movie_poster_cover/lpst/public/p2460384566.webp",
            "grade":6.8
        },
        {
            "title": "摔跤吧爸爸",
            "cover_url":"https://img3.doubanio.com/view/movie_poster_cover/lpst/public/p2457983084.webp",
            "grade":9.4
        },
        {
            "title": "加勒比海盗",
            "cover_url":"https://img3.doubanio.com/view/movie_poster_cover/lpst/public/p2459723975.webp",
            "grade":7.8
        },
        {
            "title": "迷失之城",
            "cover_url":"https://img3.doubanio.com/view/movie_poster_cover/lpst/public/p2460384566.webp",
            "grade":6.8
        },
        {
            "title": "摔跤吧爸爸",
            "cover_url":"https://img3.doubanio.com/view/movie_poster_cover/lpst/public/p2457983084.webp",
            "grade":9.4
        }
    ]
   
}
