{
    "films": {
        "title": "影视",
        "groups": [
            {
                "name": "日剧fans",
                "intro": "请自由讨论你所热爱的与日剧相关的话题。以上。",
                "cover_url": "",
                "fans": "321"
            },
            {
                "name": "美剧",
                "intro": "请自由讨论你所热爱的与日剧相关的话题。以上。",
                "cover_url": "",
                "fans": "23412"
            },
            {
                "name": "动画",
                "intro": "请自由讨论你所热爱的与日剧相关的话题。以上。",
                "cover_url": "",
                "fans": "5455"
            }
        ]
    },
    "books": {
        "title": "读书",
        "groups": [
            {
                "name": "日剧fans",
                "intro": "请自由讨论你所热爱的与日剧相关的话题。以上。",
                "cover_url": "",
                "fans": "4454"
            },
            {
                "name": "美剧",
                "intro": "请自由讨论你所热爱的与日剧相关的话题。以上。",
                "cover_url": "",
                "fans": "1459"
            },
            {
                "name": "动画",
                "intro": "请自由讨论你所热爱的与日剧相关的话题。以上。",
                "cover_url": "",
                "fans": "5452"
            }
        ]
    }
}